sim_id,missile_type,wind_u,wind_v,wind_u_scale,wind_v_scale,cd_factor,initial_mass_factor,launch_elevation,launch_azimuth,apogee_z,max_mach,max_q,max_drag_force,flight_time,target_x,target_y,range_error
1,Khalij_Fars,-6.617642933375,-15.15629532266146,-6.617642933375,-15.15629532266146,1.0360344347510984,1.0011328930513874,77.79034863231506,216.44100360812521,164953.38566306594,5.1911018327221425,887596.8012289873,80623.3286875753,387.7757380242748,-63678.98514618405,5153.779568732761,63887.202107237536
2,Khalij_Fars,1.4867806451569758,7.936605917937362,1.4867806451569758,7.936605917937362,1.0609253227817121,1.0184292136861175,61.08353062626283,71.81907563838939,72108.2853163115,5.0579468923300315,547451.837148207,50921.54114643092,263.71737325427114,261947.5801706965,36440.52055305845,264470.12363490387
3,Khalij_Fars,-17.721069062758627,-8.060721152410567,-17.721069062758627,-8.060721152410567,0.9195876065688415,0.9821616461363788,66.21458816801388,357.4207814285202,65646.6440382542,5.277880038070183,588238.1084176666,47426.06280649939,250.7990305222782,100665.7195667181,259832.1537920862,278650.92004176026
4,Khalij_Fars,-0.8680729207753459,-1.374675512373419,-0.8680729207753459,-1.374675512373419,1.0731917630251342,1.0031227765953417,63.12048898449085,88.0622978472862,72645.9485490823,5.10992170306296,537376.9308437203,50562.33892100188,264.7563933461112,268035.25763505354,18236.539064097138,268654.92865854123
5,Khalij_Fars,3.2919269733019925,-17.40213697502658,3.2919269733019925,-17.40213697502658,1.0322393233767255,0.9796045992891558,67.11829401293734,116.84232948690675,122439.04146639841,5.279390471164481,768197.3568231711,69522.28124260255,338.776683600844,280548.3500189298,23446.258464587216,281526.3819508434
6,Khalij_Fars,4.8100017276440905,-2.203525670545339,4.8100017276440905,-2.203525670545339,1.0584144090790593,1.0423404882279088,61.30690408876221,205.30206263696147,58512.16496110995,4.949137447087544,514365.8091315982,47730.792169126944,235.95669273047372,-128073.61085707901,-199143.8835328722,236772.32977382443
7,Khalij_Fars,-6.792893373916233,2.8565146608394927,-6.792893373916233,2.8565146608394927,1.012029724647099,0.9694621385725035,69.44776289258303,42.36364563204402,105903.12422215266,5.327587194184981,717977.3987916172,63705.19477847504,316.0589816567651,246469.7548598494,178312.75484963594,304208.4459753552
8,Khalij_Fars,15.566529570873517,8.638829749424735,15.566529570873517,8.638829749424735,1.0359813547278474,0.9836753215875192,72.98705228757932,73.7122601686731,166877.34732056613,5.278191664784204,897623.381171964,81529.89852615404,391.2692211213181,113061.55241838389,-20050.464367401248,114825.6755112
9,Khalij_Fars,-0.8826792866568702,-1.9952334607065354,-0.8826792866568702,-1.9952334607065354,1.0213965536204712,1.0205466420574483,61.72120708474185,203.18620592014787,71138.25229977946,5.076375290430895,573870.7880650448,51390.082219014505,259.1139635731016,-105800.83425273417,-242302.1349336826,264393.9127930048
10,Khalij_Fars,-13.363642002522557,8.940068471219968,-13.363642002522557,8.940068471219968,0.9933754044395862,0.9913500363823914,61.48265660403043,48.009608971931414,54421.99944058712,5.173798465293089,582102.9601469917,50697.2049934512,230.6916664519711,228668.2793889094,95254.64855901837,247714.81600983505
